{"cameraMode":{"drawMode":0,"name":"Shaded","section":"Shading Mode"},"sceneLighting":false,"audioPlay":false,"sceneViewState":{"m_AlwaysRefresh":false,"showFog":true,"showSkybox":false,"showFlares":true,"showImageEffects":true,"showParticleSystems":true,"showVisualEffectGraphs":true,"m_FxEnabled":true},"in2DMode":false,"pivot":{"x":0.0204770565032959,"y":0.0989999920129776,"z":0.0210111141204834},"rotation":{"x":-0.2016238570213318,"y":0.6232882142066956,"z":-0.17065125703811646,"w":-0.7360764145851135},"size":1.8655338287353516,"orthographic":false}